project_id,option_id,total_pv_kwp,total_inverter_kw,total_battery_kwh
00125a736139dec1,411e51a1809fc410,0.0,0.0,10.0
001f8d72ca6d5f9a,3f505670e34c6c52,0.0,0.0,7.0
0028403a27930bc2,d12b63d590b58ac2,0.0,0.0,10.0
00345f7fbc8fa732,32a4fb76e0f369e8,0.0,0.0,3.5
006038887b0464ff,dd127e588cf2408b,0.0,0.0,5.0
011eb4d8baff96ee,4886e509b7798c65,0.0,0.0,5.0
0148dd313caa3804,67e2e49b2c09a892,0.0,0.0,5.0
0157ee5f62f71e96,8cf2745e28e5ebcf,0.0,0.0,10.0
0165919d81dfd77e,368000be9d70d186,0.0,0.0,15.0
01a6dafb9e6f0c36,0f16f2e4da359f3b,0.0,0.0,15.0
01b3254fe2440f2e,6978ee465194b9d4,0.0,0.0,10.0
01d15b6b8eb2d178,f61592f748befd47,0.0,0.0,7.0
01f2a3eaa166602a,cc7b884d0c641233,0.0,0.0,10.0
0207cc602a49ae83,52cc70ff79b9a47d,0.0,0.0,5.0
022f6a9087c53c61,11533dece31f9217,0.0,0.0,10.0
02d42019ae465832,c4386321d8a99a6a,0.0,0.0,5.0
02e485a516086ecb,b216280813b4aa3f,0.0,0.0,5.0
02fea260fc0cfec9,2125c0bc337777e6,0.0,0.0,5.0
030c391e6eeeace8,3a13d11e0b3040cb,0.0,0.0,5.0
032457ab644ba186,1b2341c4c8fe6dc8,0.0,0.0,5.0
033c89eaf27cba57,d92d70a88557c1e5,0.0,0.0,5.0
0355772f7752c412,6659f787f26d4b31,0.0,0.0,14.0
0361e1d56af2b604,aeeb92967681ad23,0.0,0.0,10.0
03d2cce06a58a03f,5be41e1661921800,0.0,0.0,10.0
03f1a18dce81e847,e7caf43da8d4255b,0.0,0.0,5.0
040ab70613384c32,306cf31a951fb678,0.0,0.0,5.0
045df400debc4448,c0a4fecd38459372,0.0,0.0,5.0
045e66fc2c40f797,e526e508bdec4442,0.0,0.0,5.0
04bc8decd73d2418,abb77f0dde5ff46d,0.0,0.0,10.0
056014dba0d3c6a3,fa921e0c7817cd73,0.0,0.0,10.0
05a464172aae5a20,186650369b1ee000,0.0,0.0,10.0
05d992a94e8a3410,c99106eb64ac63e2,0.0,0.0,7.0
060e69a3f9bf29de,79a2246deb9644de,0.0,0.0,10.0
067b6d373e8fba14,48c89ce08e5f80ea,0.0,0.0,10.0
06e40b88cfa474c4,80bd73f8b7ae8b9f,0.0,0.0,5.0
070299e3d43741bb,13dea3347339b2cb,0.0,0.0,10.0
0716ccf53a74c823,92cbd5d89e4ef1ef,0.0,0.0,14.0
0717680daa590321,3ab9b2598482f3f4,0.0,0.0,5.0
071b22f8f4577489,b4b3adcdeb3bc446,0.0,0.0,11.98
07289c6bdafe4ea4,ed7a4a329eaf34f5,0.0,0.0,21.0
0797c5e3a6100871,7e2bab8ca5a91065,0.0,0.0,10.0
07ac23acbde53dcd,f9b960580bd4c8cc,0.0,0.0,5.0
07cc06b08dcb21f0,937050e518534f9f,0.0,0.0,7.0
07fbc5e203eff86f,4ab329a9c961d492,0.0,0.0,5.0
0805530c7851a1a7,86c53da2ebe2a9cb,0.0,0.0,14.0
08294281bf69ff4e,9e2c4857cd9b33b5,0.0,0.0,15.0
0887f3f448c23438,d491885ffbb682e1,0.0,0.0,5.0
090d689ef70eb47d,ac6c29b40a0b0744,0.0,0.0,10.0
090f59f0ead3a429,abbb36eba969609f,0.0,0.0,5.0
09283075b7d8f212,6eda4f41bcccc2b7,0.0,0.0,16.98
092e67ef021b606d,63a41394bd6662be,0.0,0.0,5.0
092f84762b742324,69ba60d252c077b8,0.0,0.0,5.0
093a3e22ec047d43,76f80a3e79a9bb4e,0.0,0.0,10.0
09600f14652e9107,656373000496f924,0.0,0.0,15.0
09a78e2dd93443e4,03dceade75cc8a65,0.0,0.0,15.0
09ae3b9e60c27200,eba32e0055281035,0.0,0.0,10.0
09ba7cda1ce49dc0,b71fafd4af9e5478,0.0,0.0,10.0
0a371bc4c3cc7fc5,cbb2c3f4b9c83d98,0.0,0.0,5.0
0aab9d38c9d3460e,20488149f48d4104,0.0,0.0,5.0
0ad1c974e2b2fd1f,882fd0df06b8c8c0,0.0,0.0,10.0
0af1d0a410bdd776,08f965ab6185d127,0.0,0.0,14.0
0b2d8927b7609c3d,cb845af16f401fa2,0.0,0.0,5.0
0b38740286432a15,fea03c626e3709f5,0.0,0.0,10.0
0b55c0052e21f30d,1f331850625f3ca4,0.0,0.0,5.0
0b8d9e28805e4908,2ca86a7d569deab2,0.0,0.0,10.0
0b985db310aeb30e,c70ea4102aabec33,0.0,0.0,10.0
0c593ec924f4fb89,9814bfc22293c5b8,0.0,0.0,7.0
0c5c33766f0bf892,3cff3cda54bec8be,0.0,0.0,10.0
0cc7f88ecd251f73,914d92b83ac7ba82,0.0,0.0,7.0
0cf15c663d9d2c02,94acffa8f875af83,0.0,0.0,15.0
0d4b5a4aa8f16b89,2b7c8b44d995067a,0.0,0.0,10.0
0d604bcc25c469ef,5e9950ccd042fdc4,0.0,0.0,5.0
0d78a3cefd1dce0a,f687a23947a57a68,0.0,0.0,7.0
0e05534523807231,a0269bdf67daffc4,0.0,0.0,5.0
0e2f86210198e21c,f0601ab73ce2a59d,0.0,0.0,7.0
0e37b9c14544bdc3,21a9afee266bd840,0.0,0.0,7.0
0e65cb7b08dc97c0,b094cb2fddd8a4a6,0.0,0.0,10.0
0e6ff7a68a3e1d7c,f9a3f16df949c113,0.0,0.0,10.0
0eaa6c9cbf724f83,262ed4f039097d8a,0.0,0.0,10.0
0eb06e1ae53cd6a2,245d22507d1a151a,0.0,0.0,5.0
0eb3efee9cb65a6f,331873c97c8e9bc7,0.0,0.0,10.0
0eb745850de13121,5413dd3718369a89,0.0,0.0,10.0
0f2c2dd0ce1f5c7e,345eac23f0c1a842,0.0,0.0,5.0
0f3cb888a89ed4b4,6e1247901fdd5dbb,0.0,0.0,10.0
0f661483c3962ca7,4d46a6a79ad260b8,0.0,0.0,10.0
0f924d0859c2cb06,0441895fe5426cc1,0.0,0.0,10.0
104a07893e2e1e61,4c80b700f5b4c0c4,0.0,0.0,5.0
1056b9c012e2b153,bebf94dfa5dcdf95,0.0,0.0,7.0
10667f489b4ebfbb,266cd28d087fb5a3,0.0,0.0,15.0
1069a995e7186dad,c7b45875de7527b3,0.0,0.0,15.0
10d53599258c67ac,753d96c4b623e2ff,0.0,0.0,13.5
10db64c2eb038cf7,27f700210503cf67,0.0,0.0,10.0
11c7126c504fdc86,8c9b453f0e35c094,0.0,0.0,5.0
11cfbcbf1112060c,073860af7aa78cab,0.0,0.0,10.0
127e27bb8e23d85e,7857277e6423eaf9,0.0,0.0,5.0
130267c679e201f3,4a2de6886891ea60,0.0,0.0,5.0
136dc580b0c7fedb,fb898f4737909c35,0.0,0.0,9.2
136e5199ed8edbc4,242715dc7389fa5b,0.0,0.0,10.0
1398c19832c0de32,d66442c1549ac343,0.0,0.0,7.0
13b3fccf4bdd035b,edb698465c1501f6,0.0,0.0,10.0
13c2bebc5f558b17,6705809aee5111c8,0.0,0.0,7.0
1424f321e6932bb5,0aec6630702776b1,0.0,0.0,10.0
14426481eb176f2c,ccb827fe0bacf4df,0.0,0.0,7.0
149f3cd8d50d213a,84e052e001d24818,0.0,0.0,5.0
14bb99a04c21c4d4,0a81171726dcb144,0.0,0.0,5.0
14e62fbaa169cf5d,3613bf95911da2f0,0.0,0.0,5.0
1523c62a3ea1c979,f8b95ed00a90d6d9,0.0,0.0,10.0
1547fcdb90b27de3,d2ecc23040cc0747,0.0,0.0,5.0
1559d8746749ede9,77568cf14344c0c6,0.0,0.0,5.0
158e6bfab9322fe5,2b4dbbfaf03f4f4a,0.0,0.0,5.0
15d5d4246e431b8d,4fc84f140a1f7ff3,0.0,0.0,10.0
15dcdc54ad273682,a65512f96bc93cbe,0.0,0.0,5.0
161c4998807d2fec,e928850469d4ce09,0.0,0.0,10.0
164b27d095471804,9a5ce03d9855bf9e,0.0,0.0,7.0
167e05896de01ebc,caa0cd758f689398,0.0,0.0,13.8
167f6dec280368ec,2e3737be8b668f16,0.0,0.0,5.0
168557b5c691236b,3b56125751e3ca98,0.0,0.0,5.0
16a2d23f7a58724a,26e7edb1b970e5fb,0.0,0.0,10.0
16d9a92e17004b9d,ff22af3e4f7f2294,0.0,0.0,10.0
176ea627fd5deaf3,02d52d870fe82896,0.0,0.0,10.0
1770f8ccce9fd6ea,25b18bd3d8ed46e8,0.0,0.0,14.0
17778f6c40f6db0c,5aeb3d67a666c864,0.0,0.0,10.0
178fbd48f713e009,0523ff858bee2167,0.0,0.0,10.0
17c821bea5da9c2c,7a6f4636b93a155e,0.0,0.0,7.0
17ff594e36ce2259,69ba3f4f6e5d7356,0.0,0.0,10.0
187649d86e81f077,acbaa0a7a1ca6f45,0.0,0.0,5.0
1898f7041b656d38,65909923f62719f1,0.0,0.0,5.0
18999a2bc347784c,390848de049fc15d,0.0,0.0,9.2
18a9be1f3a2b156d,4f7aad66541b923c,0.0,0.0,7.0
18aead27400032c4,00f5536d8bb93db8,0.0,0.0,15.0
18d6a0307a93b0b9,50055c01f219c35c,0.0,0.0,10.0
18f5b02c4bb9efb2,1037ba17356aedbb,0.0,0.0,15.0
1969079a341d3b46,4cf856955f5bdca8,0.0,0.0,5.0
197a6c53b189f0cb,472acb3cb4ed7b7d,0.0,0.0,7.0
199389f15add6014,a7dc7882729441bb,0.0,0.0,15.0
1a3de535137798ca,ce80945ab49bb62e,0.0,0.0,10.0
1a5ca7a42473fb46,e2bb04592f4080ab,0.0,0.0,10.0
1a9409314d6842d5,27faf2cb11af13c2,0.0,0.0,5.0
1acae1fd1867a410,587ec5860889e9d1,0.0,0.0,7.0
1ba3dccd3a75be40,249f218342bd753d,0.0,0.0,7.0
1bf16187b3de122b,1b989a91839bdcbc,0.0,12.0,15.0
1bfb3c65063795d9,c21f4ccf45d650e2,0.0,0.0,5.0
1c0b0c18461a383e,cc8a6645d242fa75,0.0,0.0,10.0
1c26f9a1a59d1fcd,57cdb7d9c2d18aa0,0.0,0.0,5.0
1c8389790bdcc142,5e92387d5563b712,0.0,0.0,5.0
1ca5df77451f7cd3,4a20b71889051b02,0.0,0.0,5.0
1d698e43fdaca28c,e3c70d6047318678,0.0,0.0,21.0
1db796bf6d90afcd,5fc48c75892e0cf0,0.0,0.0,10.0
1dc49b0f3ea74574,030c9714b2681251,0.0,0.0,15.0
1de42bd95ebf17a4,5461286241b3ef9d,0.0,0.0,16.98
1ee69e93d966e330,f7b3121dab54906d,0.0,0.0,5.0
1f65293d29df4b01,604cc62ffdb801aa,0.0,0.0,10.0
1f97cf07d9c6d492,413102400278e0b7,0.0,0.0,7.0
1f9b73f7e80f8834,7404e67a3a6b283e,0.0,0.0,7.0
1fa1951f2dfe77ab,62998085104dd16e,0.0,0.0,7.0
1fa27c95924ab685,71ba4bff0db805ec,0.0,0.0,5.0
20040a9fc25056a9,1b2116859c7875c5,0.0,0.0,10.0
223637897fb4f1b4,821ff63d940bd25b,0.0,0.0,5.0
2244bac1f3937efd,da81b915d3b62e69,0.0,0.0,5.0
2246e46ef9678eca,bd39ae1de646bc94,0.0,0.0,10.0
226271bff3efb8cb,73fe87c8fff1b699,0.0,0.0,10.0
22eb53403fe3814a,f15172127f76603d,0.0,0.0,7.0
2322e97b9ce58afc,bc6fce92129502d5,0.0,0.0,7.0
233f512f6b27d753,828b8bb064ccca32,0.0,0.0,5.0
235896a9ddffe2fb,dcad532b99225347,0.0,0.0,10.0
23e82da6ef895c04,5824672721bb1304,0.0,0.0,5.0
24c384e5dda7bad6,32417fbb8149e25b,0.0,0.0,7.0
24e9ca0327f50571,ddc4b2222fe4bcc5,0.0,0.0,10.0
24fb254df1b30918,0c0fce714fb97df2,0.0,0.0,7.0
25022f005eb1c5c3,1e30ff4865781366,0.0,0.0,10.0
2550d3a27fd2acb0,52d732a32d00f178,0.0,0.0,5.0
258b750e695c6f92,86ee22826813353f,0.0,0.0,10.0
25c8ec111130a3b1,a1f3d9220475e6fd,0.0,0.0,10.0
25cc1c846a237f90,25449bb808392e90,0.0,0.0,10.0
2644a7e959103a04,6d366bfe9872d2d5,0.0,0.0,10.0
264d04493c88254b,484c8cbbbfdf8b7d,0.0,0.0,7.0
26ce8c33dcb4a126,a8c3bbb8c0aa3658,0.0,0.0,10.0
2710f5ab6a68490c,81b5b0ff36f7aec3,0.0,0.0,10.0
272068dca8045bd0,af1e384bc8fc663b,0.0,0.0,7.0
2759dcabe5286efc,65828f007834c5e0,0.0,0.0,5.0
276390811a49e4e1,f5971427bbc8ed5f,0.0,0.0,5.0
2783b5604b60ff8f,8a2256c095f5ff23,0.0,0.0,7.0
27fe1ddbab597466,90be3f80860a24f0,0.0,0.0,7.0
28121a98bdd40e7b,0c744cfec2d5c51c,0.0,0.0,10.0
28325884155dc2f7,2e49442a3f753b42,0.0,0.0,15.0
2836697e2a37df68,c5e4a80457f50a7d,0.0,0.0,10.0
283f1ea19eeef2ee,b3ccab8022dc4ff5,0.0,0.0,14.0
286d743bc670c8c0,eeecc21e4b0dcab9,0.0,0.0,10.0
28b5879958ce1940,21624fa0f19e0583,0.0,0.0,10.0
28d8f835487a2074,f50fedf8116ccd26,0.0,0.0,5.0
291d53bf4159fdb8,0aea256edebbf8f9,0.0,0.0,10.0
293d047bf3027806,f4cf02457c53d957,0.0,0.0,11.98
29639a29dc6b3c59,59ec121626e9ecdd,0.0,0.0,5.0
297a8de6d8e86252,05b38e5566ad4104,0.0,0.0,5.0
297be54c5e7e4aad,1a659d6e5c393a7a,0.0,0.0,5.0
29814540c9ed0930,c5ff2bcb403f69c6,0.0,0.0,11.98
29c66cc4069f9172,32ea1b617f5ab23c,0.0,0.0,15.0
29d3a6e17d9280f3,008dd8d72f0aa5a6,0.0,0.0,7.0
2a1e1735c0b6bd3a,6baa2b075fd0d951,0.0,0.0,5.0
2aa0c00a22603ebe,eb95c42ff3639526,0.0,0.0,5.0
2b1afe9ffe3cc5d1,6784603aaa3850da,0.0,0.0,7.0
2b5c6e0bee15a341,a8be3368aee10112,0.0,0.0,5.0
2b7c42c9a056cf29,ef688a374f3b61ec,0.0,0.0,5.0
2bc5303ea29d5546,e4d83faf0788ef28,0.0,0.0,15.0
2bd823fbee69903b,ba75bba420aeb33e,0.0,0.0,5.0
2be13cdcc640d7d7,e3bce8097928f168,0.0,0.0,7.0
2bf628a3bf08fd64,3823d29f14ac1092,0.0,0.0,7.0
2c45403d05cea4f9,746442b180b34d41,0.0,0.0,5.0
2c7769ee2941ae05,de1223e05a8a1a2e,0.0,0.0,10.0
2c825527e49fb2e0,1416fdca53de2197,0.0,0.0,10.0
2c85340e2772ddf4,2e389957299c15fe,0.0,0.0,14.0
2ca7b79b1eec5ccf,ee173a0a8a467771,0.0,0.0,13.8
2ccefad550a9e7ac,2a9c21643afb97c4,0.0,0.0,10.0
2cdd0a4ff4e7544c,46fd93c2c6e607ad,0.0,0.0,5.0
2d0bd1c259631873,0d8737cade4223d2,0.0,0.0,5.0
2d1123b5f2433b6b,e92081f48df5f529,0.0,0.0,14.0
2d29d8e451fa2e36,97e650ffd5acb77c,0.0,0.0,10.0
2d6b3fbcfeaf7d93,6455e73ac01163fe,0.0,0.0,14.0
2d6ca755679310d9,2362160dd02b85a2,0.0,0.0,7.0
2d77bc1715be7430,9edb198aab3d6f40,0.0,0.0,7.0
2e559a56af71e1b2,a102d3b9d8f4e13f,0.0,0.0,5.0
2e6341a86f89fd8f,c5c2fa997a8c7be3,0.0,0.0,10.0
2e9084c723d8385a,4cad2b7f4e4a8c4b,0.0,0.0,5.0
2f8eb3a71aaad3d3,9f2434d40fd06e02,0.0,0.0,7.0
2f9046ca0fa0d49a,053f5aa1dce322f0,0.0,0.0,5.0
2fddc900384796de,ff6a56c905986a05,0.0,0.0,4.6
2fe4d09deb1b1e05,7bf6a903ee89438e,0.0,0.0,10.0
2ff33eeaf12f566d,36a77b1b7c48b3cc,0.0,0.0,14.0
3000c7e2abe3cb51,804fc2f505407f25,0.0,0.0,5.0
30132216d23c631e,38dc32d900b425a3,0.0,0.0,15.0
30671c85d5c77069,3fd45d89e18ee245,0.0,0.0,10.0
30ab83f192e1d390,1717dc2887fd38ff,0.0,0.0,10.0
30becdf9fa77997c,42df24d017287e6d,0.0,0.0,14.0
3103c07b9aa91dcc,eade210fe0801a47,0.0,0.0,10.0
311e5958bf68921a,439dddfd012716e7,0.0,0.0,5.0
3143f17284b3e6cc,7a8cbb06e53bc2f0,0.0,0.0,10.0
3191185130a9919c,8da0431b15abad89,0.0,0.0,15.0
31a11b95ea755e43,fd68e55a667f094f,0.0,0.0,10.0
31a9fe01484c9899,31ee4aa1e15238ad,0.0,0.0,4.6
31ec5ab9f0ccdb85,f53ab396f7f70a55,0.0,0.0,5.0
320fdfd93e15cfe6,096bd28812884a1a,0.0,0.0,10.0
329596b9ed1da40a,f554d78352db7a77,0.0,0.0,5.0
334be6aae5421fea,b5f1736bea02812f,0.0,0.0,5.0
3357bec178a91d51,bc9d44095dcba204,0.0,0.0,5.0
3361e810089819e3,001e5d5c14777688,0.0,0.0,5.0
33d7d2a91443f60e,14d35a6ef99629c0,0.0,0.0,15.0
347cc86d0fa2fd69,8e52511bfbe76a79,0.0,0.0,7.0
348d1f7523e70268,69565e4cecd10b80,0.0,0.0,7.0
34dc26162cec4734,147055e519534a40,0.0,0.0,14.0
3526b5e59f3de14e,5116323b1cd6e6a0,0.0,0.0,7.0
3542e4b9b53ab588,4d8e6f52e92b9081,0.0,0.0,10.0
355bf3b964cf3f4a,4220e054cc3efffa,0.0,0.0,5.0
3575be83363b7e8b,d9b1b95dc066541c,0.0,0.0,15.0
3595bc5a3aeefd1c,5106e1f2e64e0162,0.0,0.0,5.0
359c2afa9da571dc,1e8ead7c208a1ac6,0.0,0.0,15.0
35b89798496600d6,fa477324659fd48d,0.0,0.0,7.0
36d1140aaba56bfe,01b38a0fafcd7b66,0.0,0.0,14.0
371734733c305044,df8d9a6bbe1228c3,0.0,0.0,5.0
372a0edc8c34ee32,9a9af1ce659a74c3,0.0,0.0,5.0
37ab329cf0a733e1,33e775e87027dcc4,0.0,0.0,20.0
37e5a41e5c8056ac,d0df76e77e266cc8,0.0,0.0,10.0
38004c2e4beecdfb,b8481ef71dc2ecda,0.0,0.0,10.0
380933f71decfd2d,4fc99a7df1c2b71c,0.0,0.0,7.0
381b0f5eb5143a3f,aeff006e28254545,0.0,0.0,10.0
3860495cce95b4b9,710d3cb05899d84d,0.0,0.0,5.0
386e8798b6b65316,086fe17ed7ea4564,0.0,0.0,13.8
388534cabc9d9b59,d9ac5416c5fa5b8e,0.0,0.0,10.0
38df8cd6247972f5,1ad81d11286280c9,0.0,0.0,5.0
38f2a702f9ca6400,8b7d8f481e344fcc,0.0,0.0,7.0
39467abc19d76423,f85616acae871306,0.0,0.0,5.0
39d2c98bd7113f2d,16f22db92b704f54,0.0,0.0,15.0
3a48d74e4d239980,e6d439d3e75ce379,0.0,0.0,5.0
3ac113c31501e5a8,3b6d397d1a4b6755,0.0,0.0,10.0
3b2530254520e4d4,d60e2477259c6aff,0.0,0.0,10.0
3b98d406f7e5dd3f,4ff6a5cd8b82b877,0.0,0.0,10.0
3bc7d04f9aac4f84,f98c13a972ec2bf0,0.0,0.0,5.0
3bf6570ce006cda4,99cf85817939fda9,0.0,0.0,10.0
3c14a546e77a9e55,d503a1ef7570ce94,0.0,0.0,7.0
3c1ee725838740fb,ecec9c0f2038ecda,0.0,0.0,5.0
3c3ffe11abeb1fad,82e292f70057a372,0.0,0.0,7.0
3c547fdd7c986d4c,be1c8dcfacbac6b3,0.0,0.0,10.0
3c6997d7e4b68d4a,a39871d8be49b3b9,0.0,0.0,10.0
3cc084091413e7d0,4c91daac2b050a73,0.0,0.0,5.0
3d067cc482fc6afc,3b2f603e857556f4,0.0,0.0,7.0
3d18e6c0b4486266,b474eaf5af16aa1e,0.0,0.0,5.0
3da95ed701493e6b,7bb1a03a27020700,0.0,0.0,7.0
3e26b0d3a1594d00,625267928ee552bf,0.0,0.0,10.0
3ee543020059be49,60673f476b424b5a,0.0,0.0,5.0
3f1fc359c0c80382,79433361b9aa8b62,0.0,0.0,15.0
3f3120e7ffe8fada,3e45d8e05ee03aea,0.0,0.0,7.0
3f457bbee7747c1f,5a9adc7117a4c432,0.0,0.0,10.0
3f98baf7f191cdb9,fc4156afec846b27,0.0,0.0,10.0
3fc793c5ea062235,6e3370d6c523f497,0.0,0.0,10.0
3fcdc4dc465a185c,b5bf108af3011f90,0.0,0.0,7.0
3fe488745b04ea8b,625cf25003fabe2b,0.0,6.0,5.0
406e5aecde41c366,5f28d706c558ba3f,0.0,0.0,5.0
40e852a0e4eb8843,8ea89bda1cf2f38d,0.0,0.0,10.0
4140f62efc9c7ee3,47ef1c5692d7e0dc,0.0,0.0,10.0
4173b91c2b9ab2be,bc2c2c10d31eb315,0.0,0.0,10.0
4183db56f96f4c43,a98ca32b4d1ab440,0.0,0.0,7.0
41b2ab379845d133,7cbba87919333aaf,0.0,0.0,16.98
41f00cf5d52609cf,07513b408740df37,0.0,0.0,5.0
42260cb8dc1cfc1c,baad79cedb3accd2,0.0,0.0,7.0
42dbd23d4a787ba4,c85efc1fdd8c2788,0.0,0.0,10.0
43110718ef92c07f,3a2bce94d095014b,0.0,0.0,11.98
438826d0ecb6c5ea,b56ffe946c6362c4,0.0,0.0,10.0
4389710508e4d55d,996d29096057b45a,0.0,0.0,10.0
43925158b5d8e6fd,41830bb11bd97ea4,0.0,0.0,10.0
439682693bc07127,e76ed30188ebd2be,0.0,0.0,10.0
43f7783f017966f9,12e5b682bcb3ef59,0.0,0.0,10.0
442d43a219eec3f7,8ea7a9fa5d382747,0.0,0.0,14.0
44ac6a2c21307c62,f263d94af40f3705,0.0,0.0,20.0
45e9a1306914e617,a0d91b7df0f11b28,0.0,0.0,5.0
4607ba4fc4e6a035,c9d502075e84fe81,0.0,0.0,10.0
4711866ac49f7e53,cf8193a1fecff288,0.0,0.0,15.0
4733aeaf7fc51d77,86bb3277ee7c35a0,0.0,0.0,21.0
47c364605652acc0,9eacdae330861827,0.0,0.0,10.0
47d8eb439db923d0,b5c58c2b68a17a23,0.0,0.0,15.0
47fa87dce27b50ba,dd603ad8d1512bd9,0.0,0.0,10.0
482b0d77c88b5fd3,e2ba4b6e36552ee9,0.0,0.0,15.0
484a05b418c849e9,72bf0fd10cde4b31,0.0,0.0,5.0
48aa1f761822769f,151c2506e8a44b46,0.0,0.0,7.0
48ad51047a2520a6,5a25a40a9b78dc0f,0.0,0.0,10.0
48b755731e64509b,f8ce32c9f625ff79,0.0,0.0,14.0
48bf5f17f19988bd,837b93f337b61534,0.0,0.0,10.0
4911db5796f9857b,bad59702592c9a08,0.0,0.0,10.0
4955f6693eb2795e,f1080b89aac9b9b9,0.0,0.0,5.0
4958ce5ce31bc81b,e3c7a87f727d8c55,0.0,0.0,5.0
4a431b2bf772afd2,edb012ee9be38530,0.0,0.0,14.0
4a43246cbdd7434f,e0782cda86a15ef0,0.0,0.0,10.0
4a621b6d163355e1,1fd511d537af20fb,0.0,0.0,14.0
4a8125b5932f8c1a,6785af8712404dbc,0.0,0.0,5.0
4b1a1f488238a07a,d8292776c20069b1,0.0,0.0,15.0
4b357ffc20dc5b82,77d3897c6cd997e0,0.0,0.0,7.0
4b72ee909d81b59d,3b736ef03836c4fe,0.0,0.0,5.0
4bdbdab20af184ce,b4edd9345a559147,0.0,0.0,10.0
4be3a663144a8972,3a4da5ee2ae6ee97,0.0,0.0,10.0
4c035eb8f9705035,1a86e4321fc0da4e,0.0,0.0,10.0
4c1494d939ac7831,341b9af785fbabb7,0.0,0.0,5.0
4c163d59bebe48ba,6fdca4fede462ec3,0.0,0.0,10.0
4c7b2de291b26470,3ba9e9d1fc0cc8ce,0.0,0.0,5.0
4c8a173ff487c9db,7693475c366ae999,0.0,0.0,7.0
4c8cff8115143cd3,e880bff022a9edd9,0.0,0.0,14.0
4cf47c598e442bf3,e8b016d411abe50a,0.0,0.0,5.0
4d0a413c3989b49f,f122548d3f786b47,0.0,0.0,15.0
4d731564c5eaea03,4d27af1dbce09a55,0.0,0.0,15.0
4e411b63d40be311,ea32a40262688143,0.0,0.0,5.0
4e4151d050e6061d,16c1241216fd47c8,0.0,0.0,5.0
4e4f79e9b29fd201,4d6b61353a663ad6,0.0,0.0,5.0
4e65773c9b1b851e,3809e374793c9524,0.0,0.0,10.0
4e72a942ffffdf91,8a3768ed559d6203,0.0,0.0,10.0
4e8a15b1c3b6d3a6,71e6d4e4309219a1,0.0,0.0,5.0
4ef28ad1139ee511,4be2abad61edb4b7,0.0,0.0,5.0
4ff489774e416468,76fa024904c20996,0.0,0.0,7.0
501b834e1cb7737a,c8f686f917cbe6a1,0.0,0.0,10.0
506c7a8281bd6784,02646a1bf8382f26,0.0,0.0,10.0
50f6a5b16ee0698e,d7da9a747bb7037f,0.0,6.0,5.0
51df2fedc6193f3f,6579ecb5e2307763,0.0,0.0,5.0
5249e7bc214fa762,5f7ec78a46778e40,0.0,0.0,15.0
52636b8d20fd5c03,42836f5965bc1ddb,0.0,0.0,7.0
52ca7c58e7433b5f,4accbb3e38e0fa8b,0.0,0.0,10.0
52e53bb177e3923b,e214dc3b6dfb41bd,0.0,0.0,15.0
532debcc6e2ef53a,930c6d3875f9800f,0.0,0.0,10.0
532fb9b7ecf8ab4e,398163373da8e6fc,0.0,0.0,10.0
53aa4ead295c126c,fdefc4962eec957f,0.0,6.0,10.0
53f021d4a28aec67,aa6dd83082680e6d,0.0,0.0,7.0
54f84379d231df8b,94b5beccab7a21f3,0.0,0.0,5.0
55dc9ef68474e110,eb24196e9eb22fe7,0.0,0.0,5.0
55fca74f85179816,da63f9debc6ce9e8,0.0,0.0,10.0
564796eda2139a94,0c5dd40ac5006c9c,0.0,0.0,10.0
56932b77eead1a0b,a3134766f18e1e2c,0.0,0.0,5.0
5696828c6b8b3bd1,789e3042951145a8,0.0,0.0,7.0
56d05d4763d59f74,5fbdaa5cf330e208,0.0,0.0,5.0
56d682c25eea6d4c,f0b75e7a9243821f,0.0,0.0,10.0
572b75ac31ed2dd7,9cdaeda19e77ee19,0.0,0.0,5.0
57321c5394f14d2e,9a4416f24ef0cfb1,0.0,0.0,10.0
57785a43504a3fe5,54a521d8bf7becf6,0.0,0.0,15.0
57b489a5df352cf9,23f82f4cf58b522d,0.0,0.0,5.0
58019ec42d68638f,b0487d5b1d9027e2,0.0,0.0,5.0
581a3773797f1d8d,0241cf410402d17b,0.0,0.0,5.0
581d67d0620eaa34,706b4438afa355c7,0.0,0.0,10.0
5841e44e0d7d807c,3b9830585f5cf618,0.0,0.0,10.0
588c3209f53e5d58,e85ed9e6fd057438,0.0,0.0,5.0
58b92cfdeebeb57d,3d336c2e5db85dec,0.0,0.0,7.0
5903d2b1a2de36e2,28d2cc304741d7b8,0.0,0.0,10.0
597a69a5d9ce24ff,8f614e1f91f3d423,0.0,0.0,5.0
59965d57b6d75bf1,aa40914c2d509bdb,0.0,0.0,5.0
5a3304a27a5cb39a,231a09a6cd9ee207,0.0,0.0,14.0
5acb301e0a555447,498537a61c101bdb,0.0,0.0,7.0
5b08f3de42db0b83,b698e8e052a6a47d,0.0,0.0,10.0
5b5110fd2be0a475,816b696499a2e62f,0.0,0.0,15.0
5b56d06bd187550c,51ab807ab17b78ee,0.0,0.0,5.0
5b9b21cf1f1be15a,3eac5b8d613f0805,0.0,0.0,5.0
5bc136eeacedf495,f3ccf02ba687366d,0.0,0.0,5.0
5bc986583cbb81b8,d268b95a96f93bf1,0.0,0.0,10.0
5c2f0acad1284d87,ba5baa09a7b1e910,0.0,0.0,15.0
5c77a0904bc94a8e,9bbb8dc0d85f3d2e,0.0,0.0,7.0
5ce9763f887f66cf,6a8d9ade1d0bb3fd,0.0,0.0,15.0
5d6886550c7bb0a4,3ef9562816ab352a,0.0,0.0,7.0
5d77e8696cf7ba97,8d8b2a7d206159c1,0.0,0.0,10.0
5dc3f0df7d41c0ef,3a7c0a65592cc4f0,0.0,0.0,5.0
5dd17dfb1428fc29,eaf508f15b89394d,0.0,0.0,5.0
5dd3fe5bd1afc2ac,01269530b44624fb,0.0,0.0,7.0
5deff50032c4f880,035d5de6e66ec174,0.0,0.0,15.0
5e3e90d684abfba4,fae7d804fa1c7efa,0.0,0.0,10.0
5e49613a001e0db4,9960890458d5a9f1,0.0,0.0,10.0
5e538dd43d57ed04,f3dad3920707cd28,0.0,0.0,7.0
5e787ea71bf524dc,4d134435e63131cd,0.0,0.0,15.0
5e78ef302b1c760c,eaf5bedd3570f09d,0.0,0.0,14.0
5e9fb7bf733c6954,fecf0a2630cdf7ab,0.0,0.0,7.0
5ea81c1df9d0de01,e749b45e2357879d,0.0,0.0,10.0
5f238669bddca074,5e6943d3204bf81f,0.0,0.0,11.98
5f2feb7249a63241,ccb699e2fa065af2,0.0,0.0,5.0
5f5058899d905e68,e46166047f36cdf4,0.0,0.0,7.0
5f5aa039065bee74,53ba95faa708f48e,0.0,0.0,10.0
5f662803441fe629,db6d682d498ae958,0.0,0.0,10.0
5f6f2d3fc60409ce,621dd6e71e488710,0.0,0.0,10.0
5fbfe18b585c578b,a863bd6efdda35b9,0.0,0.0,5.0
601cd46b6945eec4,74dfbe86722eb80f,0.0,0.0,10.0
605366d0d7065343,e1bbd475e674df0f,0.0,0.0,10.0
6065013c74e17365,5a49af63b538575b,0.0,0.0,7.0
6080132e8f72a5cc,ac69a8491a0bee3d,0.0,0.0,5.0
608f113bc7a5389f,fe08b8fb9b0d7419,0.0,0.0,9.2
60f103e79b73fe3a,dc983c397fbed68c,0.0,0.0,3.5
610b89d6625fbb11,de21ca6a8d7d4898,0.0,0.0,5.0
61715933ea14d6c3,1d46f407a9c5550f,0.0,0.0,5.0
619ace99f681557c,2e86a39547214a2d,0.0,0.0,10.0
61b9106bf5e12e63,14d7c49ce26b0b9a,0.0,0.0,7.0
6207aa894c14e589,0bee25d41d2a0726,0.0,0.0,5.0
621ac534abef6709,cd018e5235db06c9,0.0,0.0,5.0
622119fa4dfc5b29,193628d0836daeb8,0.0,0.0,10.0
6241f50125e7d2b5,ae5b4cd12fbee798,0.0,0.0,5.0
62a0279c2e125941,fedf5b3e45f270b7,0.0,0.0,5.0
62b0beda198a3f8c,336bf21241aa5aac,0.0,0.0,15.0
62c45c9cdf08c4fe,13bc313cda806d0b,0.0,0.0,7.0
62dfc7a6461999df,5be50a4b5ae0cb98,0.0,0.0,5.0
62f39ced94597e44,9af3ed8d2f09da7f,0.0,0.0,5.0
638d1ec9f1f67a3a,d53639ec57ccbf82,0.0,0.0,4.6
6395e62460004f4b,0c47c2e383ad4847,0.0,0.0,10.0
63fcdaaff045144a,a8e1a52dc23aeeda,0.0,0.0,5.0
64128ef311407dd3,cf0a8bd18d744970,0.0,0.0,5.0
642e566e9ac81c33,bf2fb89fcca2d3fa,0.0,0.0,7.0
6448116896278c5e,264ee7ac804e6bb4,0.0,0.0,7.0
64562ee5cd1ea496,683dd4509cc5f356,0.0,0.0,14.0
6464c63edab64cb3,dc953d72e11ae452,0.0,0.0,7.0
647e7dcfb1a10341,719a4dab364335e5,0.0,0.0,11.98
64e7fb3f858936e4,1492f79695aee451,0.0,0.0,14.0
65408ac12fd90bf0,58d8fa536d1cafac,0.0,0.0,5.0
657edd9d7ebaa0c5,91cf9f70b908e680,0.0,0.0,10.0
65840da16330570f,15bd1639486b827a,0.0,0.0,5.0
65a0b62d6cc1bf4b,de06fa19af28138f,0.0,0.0,7.0
65cb0bbc7b087871,db089e6f5e22299e,0.0,0.0,5.0
66495883ce544570,13a6f1d94adeaf85,0.0,0.0,10.0
6658f759bf0e15bd,3e990dd637abf1b9,0.0,0.0,5.0
6678ce2296d52dc0,4ce353af58425706,0.0,0.0,10.0
66da23b59b6814c2,5c8bf8bc9be9c283,0.0,0.0,10.0
674097408553f92e,13ec340c88ef1d24,0.0,0.0,10.0
6756db0af8b7b3e1,124bca20521096ae,0.0,0.0,25.0
681938551ec3178d,15046c1bea9a8a56,0.0,0.0,10.0
687ec39141405008,ed09553e4bb35fd2,0.0,0.0,7.0
688d510df087413c,2d19d6b0cfc244c3,0.0,0.0,10.0
68c52e09c68a3773,9d2254a178ed2a43,0.0,0.0,5.0
68d5845143187a9b,f3287eaabda95b24,0.0,0.0,7.0
68daab9c8f7ccbc2,192560d540982a4f,0.0,0.0,10.0
692b06e16766089c,01057a7a2a0e8d7e,0.0,0.0,10.0
693fd3b149bb89e7,411cd81efd56a013,0.0,0.0,5.0
6944fd0e8967d60e,32a04fdf30d002f6,0.0,0.0,10.0
69502323b7836d12,579ecad6d8d3a581,0.0,0.0,7.0
695f4509e4c3f042,7a72818cf9f548ac,0.0,0.0,5.0
6965661031f7f4aa,6b18aafa619fa182,0.0,0.0,10.0
69aa46e1df030a9f,871677ad998fdbce,0.0,0.0,7.0
69d2d9048728143c,b99121bc9d67e9f1,0.0,0.0,5.0
6a2275a1f793a98f,4475f82b8a0fbe34,0.0,0.0,10.0
6a45946c33dea9ad,b1b028309380151b,0.0,0.0,7.0
6a7e36fed3bcdcfc,1d2328796a56a512,0.0,0.0,10.0
6a9dc0893a39d7d1,1ff3eca982abef44,0.0,0.0,5.0
6a9fe2dd5ba78fb5,4fcbe24a28b0dc46,0.0,0.0,15.0
6aa418c7a90f4cd8,db508be63d65c05e,0.0,0.0,5.0
6b1c9dff55806a1c,aa265ab28c2c91be,0.0,0.0,7.0
6b4c5b97c124aa6b,632730d98a861820,0.0,0.0,7.0
6b69269818a44f72,8ebee10deaeca19c,0.0,0.0,7.0
6b732a2e2d9eab6d,f78bcbcba8edb409,0.0,0.0,10.0
6b9c10dffb114a3d,7953b82c7fae3148,0.0,0.0,5.0
6be8d0e66775db0f,583313cafb8fc3f8,0.0,0.0,7.0
6c60b89fe95e2390,29c5b2790799fbc3,0.0,0.0,10.0
6c78b6a2a82f21c0,766fe21105f6e876,0.0,0.0,14.0
6c8f34a7cd28e34b,95160f9aa27260e6,0.0,0.0,14.0
6cad192544a2ae4d,68b47bd2b58507a0,0.0,0.0,7.0
6cd6110c0e36f76b,63cbe3c7a8d83fdd,0.0,0.0,7.0
6d0b284cb2f28241,b79df6e316804069,0.0,0.0,5.0
6d105243a749cb00,2c8e67a99e3f3837,0.0,0.0,5.0
6dab2f02567549b6,e90e321bc79d90e4,0.0,0.0,10.0
6e231d2a2afc56c3,128e65989a22c821,0.0,0.0,15.0
6e2b654186811af2,e8e1a4d3dba155ec,0.0,0.0,5.0
6e887a5f1efd26d0,a6420df12c4aca69,0.0,0.0,10.0
6f6cc1814fbf2420,1821e10fe4d9fec3,0.0,0.0,15.0
6f80ca2d932e0631,e2ab1746cbefae08,0.0,0.0,10.0
6f8ae3d1db4bcd4f,2a33ad944ecd22cf,0.0,0.0,15.0
6f95f7fd57eed336,6d448ff27c5a6fd9,0.0,0.0,10.0
6fad717136a58ce1,39e45c3946990fc1,0.0,0.0,10.0
6fb06dcb242dfbff,fa37bdb5ed184a6d,0.0,0.0,5.0
6fbbbe43d91e99f5,3ea72dc5815d2546,0.0,0.0,5.0
6ff4387631f4f3de,bd30f2d8682acd21,0.0,0.0,7.0
700e8256ce8ddbdf,b50b696135f75ccc,0.0,0.0,10.0
701677f3ccd3a313,662f4ec8202c33f6,0.0,0.0,10.0
702a85e1549b3aa6,40a005ab628f0ec4,0.0,0.0,10.0
7036f47f1baa2ecd,19f3f900dbbc2e77,0.0,0.0,15.0
70532a00a5f0c621,d245310ad0c8745b,0.0,0.0,7.0
708c31297d509396,55eb282de1cefdb5,0.0,0.0,10.0
70b09593e391ad55,26452d343b63df2b,0.0,0.0,10.0
70d875b0ec00ecdf,9e63a7a456710e6c,0.0,0.0,10.0
70df38fb7103d3b7,0a4cfdbfb5537670,0.0,0.0,7.0
711f2876870dacd1,435d48038f81cd79,0.0,0.0,14.0
7149e92d031a79e2,855e3befd934123c,0.0,0.0,7.0
71667fbd17624150,8ef1a6654bed6589,0.0,0.0,21.0
719ea8878c3b868f,65bee6550a421d38,0.0,0.0,10.0
71a416f00a6b1482,9bc234c1754e273c,0.0,0.0,10.0
72190adb8560a04d,400b2c6237339dc3,0.0,0.0,5.0
721ee9374bfef299,94a3e28812c3e5d1,0.0,0.0,10.0
724989d19e61c582,8f589215e81d2d20,0.0,0.0,5.0
726d739755e18699,88da5d61570a3ece,0.0,0.0,5.0
728dbe7031235cda,ac9ef237858fd18d,0.0,0.0,7.0
72a7c092886b99ed,10c5dec9bc1af06b,0.0,0.0,15.0
72f034003f41fd45,794a52d647203189,0.0,0.0,11.98
73360e152ceee88b,c1a45543452837b2,0.0,0.0,5.0
734140a0d29c4546,72eb71248781f72a,0.0,0.0,5.0
7347452b3c38abcf,ead639b6d537f463,0.0,0.0,15.0
736d65afe9ff3b89,289f442af189f968,0.0,0.0,5.0
736ee68e6fc7cd01,64f01c7a53d9bba6,0.0,0.0,5.0
73a904c0a26bbec3,1b8e47af70fecb51,0.0,0.0,10.0
73c681ae03e6e15d,33f8f2fbd3889171,0.0,0.0,5.0
73f489f1c474f33d,6cb8e5cc46c0a894,0.0,0.0,5.0
743fcb7dcfb664a3,c4715cbb03fadd83,0.0,0.0,15.0
74ad8b6dbb79a5f2,84c69e995dec6da1,0.0,0.0,14.0
74e9befc6fed76dc,8e897da8329d3b8d,0.0,0.0,7.0
754f073dee137dd9,4fc69b5c46b637ea,0.0,0.0,5.0
75b883a307405821,029870091991aa0a,0.0,0.0,10.0
75c4bb0bfedb3ffb,f4c3f9b8489e1e89,0.0,0.0,10.0
7636f0a8d54e2532,1ab049e23fabadc4,0.0,0.0,5.0
7654a3ea9c717578,225ca6f1083bcab7,0.0,0.0,5.0
76d579dfae049826,592696f01dc7e5c5,0.0,0.0,5.0
76fe8df16ec4d819,2f936128e51f7f7a,0.0,0.0,5.0
770b6f6dec7d5855,2d08d40672425fcf,0.0,0.0,10.0
77480823b93693cd,5798409391e812a7,0.0,0.0,5.0
778cf50495a79ce8,6546d302b1865644,0.0,0.0,14.0
778d4ed8a9d326c9,6aa7c3d1747b0d3c,0.0,0.0,14.0
77a8e931636694bf,4029b3cd4b7f8c19,0.0,0.0,5.0
77df6feea25934d4,7f0e076fb47d0173,0.0,0.0,5.0
780a1a0b0750accf,7a8f9b46e3adaaf2,0.0,0.0,5.0
789422a9969b1158,94c048da733a7317,0.0,0.0,15.0
78c6f9be9ff4e5e9,25e4460ceb27d41d,0.0,0.0,10.0
792c37d7eec9a8dd,61ca5cea4f89591c,0.0,0.0,5.0
795b64ae575f5254,fb3862c490a4f613,0.0,0.0,10.0
796414ce914dfdb7,a0ba005dcec4e8b2,0.0,0.0,15.0
798742b623e644a2,0b633dc841821e12,0.0,0.0,10.0
79e5ee961fdf8d87,640653f99fa79a6d,0.0,0.0,5.0
7a0f29eca89b1f46,e746c464f5df18f7,0.0,0.0,21.0
7a8ae3023fcb9a83,3eab829ccddd12d8,0.0,0.0,5.0
7a944711dc39b6bb,87e9cab21eba373b,0.0,0.0,10.0
7b2f33a4955df949,1685ccfe740e3e3b,0.0,0.0,15.0
7b327da02ec1b3cd,40d4c7359347dad9,0.0,0.0,5.0
7bb16aa60d609a1f,0b522f38b9a2d70b,0.0,0.0,5.0
7c1cf796f34a1eed,c13239798efdafa9,0.0,0.0,7.0
7c3b74780edacbcf,a98d87ad5a886494,0.0,0.0,7.0
7c5686bafce8c092,5fd7d43080892a6b,0.0,0.0,5.0
7c83a4419c9bdbcc,5aa3974080d2632b,0.0,0.0,5.0
7c85b2abda9d6622,619413c55105faf1,0.0,0.0,10.0
7c98538f692e0ccb,0fe1c4ac78f307d4,0.0,0.0,16.98
7ca1471b372d808b,862cc0cbaf65535f,0.0,0.0,14.0
7caf7e50b6f72dd0,54388e378d1af0bf,0.0,0.0,10.0
7cc1864b0c18ff98,02ef1a286eb891f6,0.0,0.0,10.0
7d408d461c16fd9c,a2b7ea47879edc00,0.0,0.0,5.0
7df54476a5a81647,5f41eca9eb040b37,0.0,0.0,10.0
7e499d5c4b66d9f9,470b8f4dd6ed69cb,0.0,0.0,10.0
7e62e126c031b2fa,de67fb4697803fab,0.0,0.0,20.0
7ea082f512e8d140,22098d257657733f,0.0,0.0,5.0
7ebe1a54ba8bed85,6651541c1c9c86d6,0.0,0.0,15.0
7ec90eb2bacb3b41,b829c103b4f94edc,0.0,0.0,10.0
7ef0c4ca8ee1582a,53af8964876012c7,0.0,0.0,5.0
7f0a5fe4578a8bab,119e21e0443a50f6,0.0,0.0,10.0
7f2754a34f3e27df,d34f3dc3aa5f57de,0.0,0.0,5.0
7f357514f312a86b,656b0777f46d5bf9,0.0,0.0,7.0
7f43c76dcf9d9b4d,472dba6bd1a0b92b,0.0,0.0,10.0
7f72a81bb717cf97,013773b966a90245,0.0,0.0,6.98
7f74a1ddd8f68b42,bf09adc7cf79aa00,0.0,0.0,10.0
7f9d4e7bec3f4aa8,4f30c50bcffe7bd1,0.0,0.0,10.0
7fba4ca51303faf4,874b6635fc633319,0.0,0.0,10.0
807e67f798257ff5,8ba17f42822ec7f8,0.0,0.0,5.0
80e96fa2400ca38f,1431aae0da7defd7,0.0,0.0,5.0
80eeefc6086686e6,0ad6ba8b55489149,0.0,0.0,10.0
810bc36258104ad0,21f65f80c2dbaf71,0.0,0.0,5.0
8143ac752894b427,ff83178f3fb195c7,0.0,0.0,14.0
81a612a54e04a9df,e86a2918a31843ad,0.0,0.0,10.0
81e51e0b6e372561,dfa64d5fb19dbb7e,0.0,0.0,7.0
81fe7fde20318508,3006338b57bfb4f6,0.0,0.0,5.0
8273c37ba3677ece,a20a475b9bc674c5,0.0,0.0,5.0
828dc9a9e30d2e35,daf8fef0325a1a50,0.0,0.0,7.0
82a60050b275a94c,f59c0003521af225,0.0,0.0,10.0
82bef9cc1dd6669f,7302c09dc6d92287,0.0,0.0,7.0
8325353f93cb9e0f,a6bf0dcade3bcd68,0.0,0.0,15.0
83a1759375fbb055,09c62a6c82e63ce4,0.0,0.0,15.0
83d68df077a27154,d2d4205443e29124,0.0,0.0,5.0
840916dde4b37796,3049bc1493d63cf9,0.0,0.0,10.0
84109d84574332bf,4c43307bdf5affd4,0.0,0.0,10.0
841b10a1cbc3f1fb,a3da5de0bb25c0a7,0.0,0.0,10.0
844f7ceee96980fa,f853d34998ff2eef,0.0,0.0,5.0
84a9989d45903bcc,52f129979d7537af,0.0,0.0,10.0
84c9e2d78ffac5ad,0c3977d1a96b5827,0.0,0.0,10.0
84d262252897f75b,11949cacd7cf7048,0.0,0.0,7.0
852018d072d91052,ab4bc582c134a2a2,0.0,0.0,5.0
85461f0cf265003b,963cdcc89f1727f9,0.0,0.0,5.0
85bf4661156745e0,67e71c2857828cf2,0.0,0.0,15.0
85ef325fef5dcbf7,fdcc7fb6f18a9ca8,0.0,0.0,10.0
863de61620a6d623,1a6d6eddd536fa30,0.0,0.0,5.0
868924d32a4a991e,3cd704291c00918c,0.0,0.0,11.98
86c2bdf0e9506f2d,09be2d55559b9795,0.0,0.0,14.0
86ccd05c53279c6e,9c2f595c047f9743,0.0,0.0,7.0
872163b4641491fc,310b1a2876b993c4,0.0,0.0,14.0
8794b0393655b4ab,55ead6319f96d1ca,0.0,0.0,7.0
87d7b9681dcdbc61,5db2fdf25ef6a724,0.0,0.0,7.0
880c506e3f3d82d3,379a6e7f6e6ee078,0.0,0.0,7.0
888bef29cb445677,ac862993e3a2e65e,0.0,0.0,5.0
8964486ab573fed6,33317878dcd3bc60,0.0,0.0,5.0
896f0b7fc7e16e9e,75fbfa3d96079468,2.375,0.0,0.0
89b87bf1ef32c453,f283af733327098b,0.0,0.0,7.0
89c4db6ea62b4d4b,05f20e27ac3274c7,0.0,0.0,15.0
8a1cab7659397c5a,3791d99b56ae5857,0.0,0.0,5.0
8a20df04e4507deb,238055b544837642,0.0,0.0,5.0
8a6cdd85551a7717,4d291a32c8a62a84,0.0,0.0,14.0
8a974a820a732eb1,aa47bb8984bb1067,0.0,0.0,10.0
8a9997dac204f718,656d39e591013878,0.0,0.0,4.6
8aff6fe7569c72aa,2018b80b8aa72bf7,0.0,0.0,11.98
8b3fd7f66ab24d94,d6d9ca31f1679401,0.0,0.0,5.0
8b8da9cdcf1e4dd3,d26704b074e0d8a8,0.0,0.0,10.0
8c0a48d1a9188b71,a6d98cf4ada2a707,0.0,0.0,10.0
8c3cbeb9abf31724,586072a4f4dee749,0.0,0.0,5.0
8d51773f42750d1b,9893eb75a44ac6b3,0.0,0.0,15.0
8d89f25405f4b81f,a9eecb4fb922e5d9,0.0,0.0,10.0
8d8b112d825c06fe,6333995a0f42825b,0.0,0.0,7.0
8dfb1f5de359ae78,2593417e5ff7bc15,0.0,0.0,7.0
8e02795037660329,30143d1baf97d5e6,0.0,0.0,5.0
8e76194bdac599fe,2a13b004f96400b9,0.0,0.0,5.0
8e7a52abc7ab363c,8b49f77e9717512d,0.0,0.0,15.0
8ead7e3ef29b5802,e0c1cc6fd78d8abe,0.0,0.0,5.0
8eadc69a8c1ddf89,840f7e8a9c4763b9,0.0,0.0,5.0
8ec98ee80cd494bc,6e4db14609251d71,0.0,0.0,5.0
8ef421b15c3a87a9,6fded9e49b92d181,0.0,0.0,21.0
8f1dcfcc461ad95e,c88ec78575414ecc,0.0,0.0,10.0
8f682bf62ce59830,3c9d03cf962ee23b,0.0,0.0,10.0
8f837a4bd3c2f1ab,5aa0504b7fce9a95,0.0,0.0,7.0
8f9b35badd1d58b1,264d7c108de08dc8,0.0,0.0,7.0
8ffc126a1169d115,896400e41dff9cb8,0.0,0.0,14.0
90813fd7307b89a7,b3f1737df40ac1f2,0.0,0.0,7.0
9110254c6346ec43,427d12d8751c32fc,0.0,0.0,14.0
91557300b8d8708f,97736aad0434994a,0.0,0.0,10.0
9169487d7709ed14,4c4a286f23f1828b,0.0,0.0,10.0
918eb51f20b6c5c7,844b07c508f6edb6,0.0,0.0,14.0
919c9a5a48763d6b,5bbe3444bda6292d,0.0,0.0,10.0
91ba5c2f05d2d200,ea21af3c98f752b1,0.0,0.0,10.0
91cd41000df6865d,165024605cb3117d,0.0,0.0,7.0
9212933ab9a848bd,3f53f7b5e8845254,0.0,0.0,10.0
92411e3cb09c9eac,26114be158a7551f,0.0,0.0,10.0
9291be0f6583d7cd,357ad8a7ee45f0ac,0.0,0.0,10.0
92c7672f6498335c,959065316ab7c778,0.0,0.0,10.0
9309ba8b46e69206,a4392aca783133e1,0.0,0.0,5.0
936d097eb2ce6664,1e96771c3795da0b,0.0,0.0,7.0
938850986400ae4a,40c6ad657241417b,0.0,0.0,7.0
938b711d6a507dc4,304fc1ed41f1f574,0.0,0.0,7.0
93c2c64cc0cd845d,9c65e924d8125a27,0.0,0.0,7.0
93d5f78616f44121,cbad3d4336cade3f,0.0,0.0,10.0
93efb6f1dc529405,04a62bfb1bce3513,0.475,0.0,0.0
9464880f397bc73f,2dd38c28e0574e28,0.0,0.0,14.0
947eaa5f182d131f,2ed8a17be482e590,0.0,0.0,5.0
9499c9b3b9cfe7e1,6a972ef9839eae7c,0.0,0.0,5.0
9504d838e537c3d2,fe34137ff2a1a7f6,0.0,0.0,10.0
953dd06d374e9bd7,f2c36251b30e4c87,0.0,0.0,5.0
9597ceff5290d20c,b42bf9b034ad1912,0.0,0.0,5.0
95afa9265a43dbc6,b5be1810f8f84f08,0.0,0.0,10.0
960bed2b5af29c82,6295eec0de1c4fda,0.0,0.0,7.0
965d405bb4f11a2d,070c6808c5b1f69e,0.0,0.0,10.0
965e7f05b54e4ff5,242bed6223955485,0.0,0.0,21.0
9665397549290ebc,506428722de6b35d,0.0,0.0,10.0
967ede1849013e6b,cad8773bf2a15dbb,0.0,0.0,5.0
971a0559051cda8d,e4e0a1fc831c766d,0.0,0.0,15.0
97fee9b777aad549,6cc13d60584b8065,0.0,0.0,15.0
9811ed520cd711ce,e4f935a02dda2ced,0.0,0.0,5.0
98b53eaa68c0eeeb,79ae1e39baa97233,0.0,0.0,15.0
98bd25dadae37285,ace18b621d9eca6d,0.0,0.0,5.0
9958f1bd9d9d126c,04fbbf201d47572e,0.0,0.0,5.0
99ab58878d20fb47,9234a8555c410913,0.0,0.0,5.0
99aef704e0ba9bc4,fa989002d51ce20a,0.0,0.0,5.0
99f877291d32decd,e43a091fc7e9559b,0.0,0.0,5.0
9a2d9c884bfcccfd,cbbb9c5049fec941,0.0,0.0,14.0
9ab7c4781fe79969,dde13bddfce460c7,0.0,0.0,10.0
9ab9d4482c724ec2,a8f9582ff0dd96f5,0.0,0.0,5.0
9b4fb423e1542d6f,7b4eec325b543f2d,0.0,0.0,7.0
9b596ef28bd881a7,850c03c511f500b5,0.0,0.0,15.0
9c4b7dec45c2edd6,a41460c893258a03,0.0,0.0,10.0
9c538180406ca444,12d44cde70f4368d,0.0,0.0,13.8
9ccdd851a55bb819,01bf4b5ccf18bad3,0.0,0.0,6.98
9ccf766b0f18af4a,a1120508cc22d975,0.0,0.0,14.0
9d236de1d311b189,a0a819169f73e95b,0.0,0.0,5.0
9d728a40e8391804,a4427b2181a086b5,0.0,0.0,7.0
9e042774ac71319a,d6c16fa3b86a4de6,0.0,0.0,7.0
9e16520f07616ff7,649ad775223ae0b6,0.0,0.0,10.0
9e852e28eff6c5c3,59a5087abebd4562,0.0,0.0,5.0
9eae2e58aa19b6df,dd386a8179cb5da5,0.0,0.0,10.0
9ee4d31c08b50be0,aa831d1293745639,0.0,0.0,10.0
9f3596afaaf4177c,a75ac04e36987a80,0.0,0.0,9.2
9f56b12a05272601,35d4de5e4c25bdd7,0.0,0.0,7.0
9f5f46a0cffc9dac,6873eb4026d52257,0.0,0.0,10.0
9f6c1708a7554d39,2db65f9764599cb0,0.0,0.0,3.5
9f80f01f992003c1,3043a73eb3fcd6ea,0.0,0.0,5.0
a1a29117ea69fb33,ef5bc6833f3927f9,0.0,0.0,7.0
a239d74a719f97fe,dc4ceedf4e5de255,0.0,0.0,10.0
a259c6210cf1d8d8,390ac8a21a8973ad,0.0,0.0,5.0
a2740cc42974b31e,77bffef93c80e069,0.0,0.0,5.0
a2817f3266c78ad1,f30901bef7778830,0.0,0.0,10.0
a286036d258b07e0,c345b3906b247794,0.0,0.0,10.0
a2c2294718a5cf0d,c18f738dd3d612bd,0.0,0.0,10.0
a2ceec0965e3f02b,0b32fd93152b1d95,0.0,0.0,10.0
a33837cd6031c26c,4fef82b4b8aebcbc,0.0,0.0,10.0
a363d1a741a41203,8d069ba71ba7674f,0.0,0.0,10.0
a3723e6b3205b580,183f5c60b6eec7b9,0.0,0.0,5.0
a3e1d86653c0c783,4ffa8afe32cfcc61,0.0,0.0,5.0
a3ecd41c87aa4f36,6f979ed6a4911db8,0.0,0.0,14.0
a3fdf71a29337d99,d0589cda9bd38a6f,0.0,0.0,5.0
a4652c2598211d65,8c837ce5bf758f5b,0.0,0.0,5.0
a4f195cbc0994b01,f7a35245e9c0b63c,0.0,0.0,10.0
a529f16635bb5ed2,ffbc8fd92e4257c6,0.0,0.0,7.0
a539fc7c9b4f1ca5,7c1f70ea738ad3b9,0.0,0.0,16.98
a568108efc755c2f,3847577303ac2a0f,0.0,0.0,10.0
a5b005582c346ea7,1646f7ab86882f9d,0.0,0.0,10.0
a6500eeb81f38fe3,ed682503303c7a92,0.0,0.0,5.0
a68a36837b9ddc36,174d01c004289c1c,0.0,0.0,5.0
a6d3e29a8cc20660,798ecc592b019198,0.0,0.0,7.0
a6f6e75cdd40079c,b01d1170d652155e,0.0,0.0,5.0
a7434ce0fa23e704,59681cbf48de83bb,0.0,0.0,10.0
a7492c360c14bbe5,7e1e70382e60778a,0.0,0.0,11.98
a767678424d8a936,77ffa301eeafe208,0.0,0.0,5.0
a77e6c1badfbc2fe,19408e6713b4f266,0.0,0.0,5.0
a79e17369b4a6bae,127ef1e388ad7fa9,0.0,0.0,10.0
a7a39c30e9d5f0fe,5f9d25cf5a4eec94,0.0,0.0,10.0
a7ed02ae88cd7750,7ff0f7aeb1b07298,0.0,0.0,10.0
a81573102e568452,322add62abb68579,0.0,0.0,15.0
a8df02352b5a88a8,f7ba73c601ae64bf,0.0,0.0,10.0
a92624b41ab715e0,7cfb0e5b38177baf,0.0,0.0,7.0
a96bfb3ef0d213d0,1d0cac5825c6982c,0.0,0.0,10.0
a98080d524a26163,1aa89122d854977c,0.0,0.0,10.0
a9b9a3b6642820fb,f7ad9bca373f8269,0.0,0.0,15.0
a9c14469714a02e4,69f1282b311ee6a2,0.0,0.0,5.0
a9ccb0c373c44c55,a52f504f4f12d9b6,0.0,0.0,5.0
a9e387da0c02c179,fb953a35673b4617,0.0,0.0,10.0
aa159cf9949dd7d9,68a425d917931c1e,0.0,0.0,10.0
aa3d5af735d20ea2,e633be61f1477fee,0.0,0.0,5.0
aa573bc59baa753e,7cb3d0bfcad0ea4a,0.0,0.0,7.0
aa62308f784139db,2447cab5359a9810,0.0,0.0,5.0
aab8a2050784cae9,2f5832948a0c743f,0.0,0.0,5.0
aadb44de0820b654,896475d04f8fed7e,0.0,0.0,10.0
aaf769e20f0d1fff,dfa0ac6a49e93a6b,0.0,0.0,5.0
ab35593db2c9733c,0b5c6ff0df2e144d,0.0,0.0,10.0
abe89b70ad9dae1e,24f11058389dbdc0,0.0,0.0,5.0
ac917d4348c49b8a,356e785a1e954777,0.0,0.0,15.0
ad726d9b0db56686,1730a185b026dfd6,0.0,0.0,10.0
ad7f634f4549bf91,c6ad4d0b6511fab1,0.0,0.0,5.0
ad8e8b59c0e23eb4,fd3f3ec4aafc011b,0.0,0.0,10.0
add8ad380f790f65,2a4ce45e6e1e1136,0.0,0.0,5.0
ae09dcb59e943acb,8b96c9bc4bb38c33,0.0,0.0,14.0
ae61243b22cd50f1,9d9552e06728f939,0.0,0.0,10.0
aeaf1b6a4ddab368,876ca942efba934e,0.0,0.0,10.0
aeb553b80c0d67b1,8f826e45faccdf50,0.0,0.0,15.0
aebd7b14ea864c38,ab0153ebee1d9435,0.0,0.0,7.0
af448dc17a8ea951,c5b161e76cbc4fff,0.0,0.0,5.0
af7736442a29b8a8,1fba9afec5cae470,0.0,0.0,10.0
af800a9058b5dc7b,2859407c9f854ddb,0.0,0.0,5.0
afa496525e9d7ec6,9c3503ba7a8e5c91,0.0,0.0,5.0
aff958c5313fbafe,99091c05bdccc2d3,0.0,0.0,5.0
b07d82c5f9b41b45,61a3d89af12edf18,0.0,0.0,10.0
b169dc3b829cecef,b7b3854ce4141be8,0.0,0.0,10.0
b1ab2d38b108aeaf,5ba62fec4227587e,0.0,0.0,7.0
b1e87ea44b13bdae,20f44a593cb14bb9,0.0,0.0,10.0
b230ac1651779678,42300e8c19e5a0fc,0.0,0.0,5.0
b235603b8fa871a3,fc30324ae9acac17,0.0,0.0,15.0
b2aa7ebc7333e707,27ef1ef02e4fd939,0.0,0.0,5.0
b2b737a3507c1490,1b25734d0377a0cc,0.0,0.0,10.0
b2cc6866d1c3ac25,cba2046dd8965fdf,0.0,0.0,7.0
b3230c91c8052192,fd4997b791f0da70,0.0,0.0,10.0
b376371af87da5fc,ca6f0a1a90a72a8f,0.0,0.0,10.0
b3a57264c1f6b420,54502218a608aeb3,0.0,0.0,5.0
b3a5b5017c5c8961,6fb00acc1354820b,0.0,15.0,0.0
b3f0e47ec97e71df,be06419d7f93b71e,0.0,0.0,5.0
b401f673af52cd45,90a7b832f1676cd7,0.0,0.0,4.6
b43e382fb516c581,d7c6ae9e7cf98c56,0.0,0.0,10.0
b444ee308ec2c2f4,57c6c4703b3e621d,0.0,0.0,7.0
b51f7150488274cc,da77df377606b012,0.0,0.0,5.0
b59bd1026b1af7ef,7b6f2d66d06445c1,0.0,0.0,21.0
b5a500b518c6d7b7,7c572c2e757f620c,0.0,0.0,5.0
b5ab337d58a667c5,1c84a001c19ce055,0.0,0.0,7.0
b5fe2f55569d08e0,d378f11b7b90916a,0.0,0.0,5.0
b623ed2df60582e3,fb394840781721f6,0.0,0.0,5.0
b63cc5ccf6dba5cd,5e5bcb7d620ff6d1,0.0,0.0,10.0
b681959ff18f8da5,8b6efe93365e4638,0.0,0.0,10.0
b6a93fd1867a7f7b,99cb9ce3fe2e4c86,0.0,0.0,5.0
b74884198ac73ef2,217ac1c3b293961e,0.0,0.0,15.0
b74cfc7c362b9f2c,eea0d5d51f70a2fb,0.0,0.0,5.0
b7f15e87c56a5144,0b3861f2d7d0f0ff,0.0,0.0,7.0
b811300493ec1238,0a880b0f2373cdca,0.0,0.0,7.0
b85e2b61ffe65e0b,bed7e54382c48102,0.0,0.0,10.0
b8d1fda6a9682379,a8af25fda3cbd37c,0.0,0.0,15.0
b8f94b033a9c8ea3,00e122ff739b1914,0.0,0.0,5.0
b9467bbe14aadc8c,29cf043b0b200970,0.0,0.0,10.0
b949b6edfd616654,9f9517de01547428,0.0,0.0,10.0
ba04e5b8b4fc0ff5,2970e0fcf838d45e,0.0,0.0,10.0
ba424d8694f2577c,2d85d4b56dede122,0.0,0.0,14.0
ba6cce1320ad7ff1,a9aeb9fe22f55cc9,0.0,0.0,4.6
ba8ae618719577c5,d9b7067efe8fbc99,0.0,0.0,10.0
ba970061f9835c69,76ffb780fc1496f6,0.0,0.0,5.0
bb14ae5987f403c1,3f503c2a6072eca9,0.0,0.0,10.0
bb1b4c117e08d452,a5fe7252869b4268,0.0,0.0,10.0
bb7d7f7885d2ebfe,7b2ba6f4f5379034,0.0,0.0,5.0
bbfb9ba307a844c8,39192dd49a9d172d,0.0,0.0,5.0
bc08ceaebec0c60e,c0c3f3a81f30f9f4,0.0,0.0,15.0
bc3df52eb346d2a1,099a3a7733515cf7,0.0,0.0,7.0
bc4ce83398f9d5c5,d6c03928bf87edd1,0.0,0.0,5.0
bca5d8a4f29f7aaf,7fa48947f47e9262,0.0,0.0,10.0
bce8e7b27530e0b0,e1b9d1e2c0f89bf1,0.0,0.0,10.0
bd4a364bb6ad5d89,7d8ac25596f564ba,0.0,0.0,10.0
bd4a7f2483100661,e21540b05e55c42c,0.0,0.0,5.0
bd5e46c2aba3a933,4d9669fd062238f6,0.0,0.0,5.0
bd6c8624050a933e,239f7d02239cfabf,0.0,0.0,5.0
bdd87b40717af060,1a0905bf9319ca35,0.0,0.0,5.0
be2b5a7a502a5259,1194010f3b2aa8ef,0.0,0.0,5.0
be2f982be32ea9c2,c36acd2ef1d8e0f9,0.0,0.0,26.98
be5d39fbb6dcb546,118e35e9842199b5,0.0,0.0,15.0
beefe523baf127c6,07274d6bccc6d322,0.0,0.0,7.0
bf228eb8a45cf05e,dd623cf0baca3cf1,0.0,0.0,7.0
bf28289aaa223bc3,b1debdc5f7fe5742,0.0,0.0,7.0
bf3f6103bcdb82da,0beef8e7a458d59e,0.0,0.0,15.0
bf77326e22c50665,3db60625a01fafeb,0.0,0.0,10.0
bf943e94606c0d08,d683d8d47730246a,0.0,0.0,5.0
bfa8c89d4aaa2128,4e48d51f00b83b7a,0.0,0.0,15.0
c01bc24cfbbf70f1,274a0ef35efeff3f,0.0,0.0,7.0
c06eb43ece32008f,4c6a39f4e4addad4,0.455,0.0,0.0
c18a2f5f295db10b,757ddd1494a06f1d,0.0,0.0,5.0
c1935dcd09dc9d4f,a07adf21cf3ab5f0,0.0,0.0,10.0
c195868f8745de8f,87bb6534a8a3c5e0,0.0,0.0,7.0
c1e8189403a8431d,7020e045877e3bfc,0.0,0.0,5.0
c21de289083c3109,e6772283672339f0,0.0,0.0,5.0
c24b9cad899535ca,7b6d573961b8e175,0.0,0.0,14.0
c2b3e6aaaa15538c,6b94dd769b8edcd2,0.0,0.0,7.0
c2ecab9ad74fa4ed,e778955aba4ecdda,0.0,0.0,10.0
c2fa0bf3cc1eefe1,3045b136ace96f5d,0.0,0.0,10.0
c355f5e2fd4cce25,c42cbea19d09d9ba,0.0,0.0,10.0
c359b8bb989ed189,944cdf3195c32997,0.0,0.0,7.0
c39b8d56c874eba7,1f09934388e141d7,0.0,0.0,6.98
c3f7deabd0f3381c,204f1593c92425c0,0.0,0.0,5.0
c3ff56d8977cfe55,5e0a2bbd188b6e27,0.0,0.0,5.0
c40dc1d1277cdcf7,ca8cd164650b09b8,0.0,0.0,10.0
c46fc09294f14065,80e0ec8ba5b21445,0.0,0.0,5.0
c48c67a333d150ed,264f8805727dfa73,0.0,0.0,9.2
c4b55b1e8ab0301b,03cda8f0a431c2ff,0.0,0.0,3.5
c511d103a7edf932,c0e2a2f756f453fc,0.0,0.0,10.0
c54270ae8e624f57,0154c4719a25ba0c,0.0,0.0,14.0
c6937b83f2afa2da,392a8bb2ac622659,0.0,0.0,7.0
c6b0e3a682dc88d7,9849412a68757574,0.0,0.0,14.0
c6b47f4f990cbf62,1157d0fad4a33c6c,0.0,0.0,15.0
c7333b55f683c128,93e49b6fe337e0ca,0.0,0.0,7.0
c7530447c722305b,c9f9cafbe1f3827b,0.0,0.0,5.0
c75e1eb3cc47c316,ac178218cb26cc20,0.0,0.0,15.0
c76121f90ed6da13,b4981dcc03be18c4,0.0,0.0,10.0
c77b6a7921a35b25,5590ea886046c533,0.0,0.0,7.0
c7d2a529642d0ea0,1767d6c54cb549d9,0.0,0.0,5.0
c8628f61b37d1565,8ca4f244f21bbc0e,0.0,0.0,5.0
c87d8a4e3dd5ead1,47ed3228b5b7d375,0.0,0.0,10.0
c882de3b6e70137a,d09d90e988f32650,0.0,0.0,5.0
c8c81394a4f5653b,c68647c6e9453849,0.0,0.0,10.0
c8cc431f54c1505b,633e8cac161ca071,0.0,0.0,10.0
c90e5b8eeb8a88bc,4ba14d6cd8441587,0.0,5.0,0.0
c971d27b5f531e99,ee8e16369894a138,0.0,0.0,11.98
c987cac813e461ed,f9664f4efc622d9b,0.0,0.0,5.0
c99b83c02a3bc66b,70eef8ad79352bc2,0.0,0.0,10.0
c9a03f1ab109ccc8,c138172738996a04,0.0,0.0,10.0
c9a275f2f2e29483,ab5e722d989ecace,0.0,0.0,5.0
c9a4b405fb765d99,ecfb0c6be26a7eb3,0.0,0.0,7.0
c9af60702daf8516,26c1b63e1427ce19,0.0,0.0,7.0
ca08a79840b00f02,4b939be75987af4f,0.0,0.0,10.0
ca18fd9ddf602c4b,7e4e78ccd604ac23,0.0,0.0,15.0
ca6dc354cf00bbea,1e8de77365952321,0.0,0.0,5.0
ca89d0bf9c6c39b2,6f0701eff4bfe4cf,0.0,0.0,5.0
cac5e6722fb16847,05769c879254c1ad,0.0,0.0,10.0
cae06c17e48cb4fa,0b3df117c7f34e4a,0.0,0.0,14.0
caf9c39b7377a143,0b2717de7e40a3ed,0.0,0.0,6.98
cb58072ab048183c,b652d402e8a83103,0.0,0.0,10.0
cba653243d71228d,7000ca22c7e763a0,0.0,0.0,10.0
cbbdafbc17eda288,a71274dee89da462,0.0,0.0,10.0
cbe4679a740f3df8,63a4b813b72e5396,0.0,0.0,5.0
cbf4e7d90e9bcfd8,c45cc8879fe62b52,0.0,0.0,10.0
cc086f075f2d8db1,c47944b6436a46f1,0.0,0.0,7.0
cc100aab45b5a228,d8924a638da422ae,0.0,0.0,5.0
cc4149b97f52ce2e,1176c93f82f0e699,0.0,0.0,10.0
cc526a96f5fbe8a5,9c9e486c621b4d7b,0.0,0.0,14.0
cc60e846f0162953,73286505f0eb36e3,0.0,0.0,10.0
cc8641e5a55870a9,93044b8d81109b4d,0.0,0.0,10.0
ccb16b8c9b1b5eac,3a7da7adb1d31ac9,0.0,0.0,5.0
cd0d5a804b92fc54,5f42551c1dad6a75,0.0,0.0,10.0
cd34fb79a00c540b,76146e65ebbea491,0.0,0.0,7.0
cd59e0925e7ef9f0,7b9ff778fc66ae9c,0.0,0.0,5.0
cd69430c5dd70177,45d6a225dad26ba8,0.0,0.0,5.0
cd6db9e7b6cf3668,1b6c8c008482014b,0.0,0.0,5.0
cd95bca9a58bd8b7,8b5b39f5281ae845,0.0,0.0,3.5
cd9a2d546ebc3f6f,8acbb4a635450e9f,0.0,0.0,5.0
ceea6ce0d0bf23ec,d85e93f1cc02f579,0.0,0.0,5.0
cf0ace19ffe13a03,c3757ae62e8e3eb5,0.0,0.0,10.0
cf25ca33c94d1cd3,81a0834b8fe15e0b,0.0,0.0,5.0
cf25e66c2b331685,03e5c6a71d9e1b80,0.0,0.0,5.0
cf2df8bf2908f342,00645f8d9ee1b174,0.0,0.0,10.0
cfe466f593c4c205,b69d436fbb938422,0.0,0.0,5.0
d009fc8beaabd1f4,06dbd56d2ef44234,0.0,0.0,5.0
d04c6b90f0f5651f,37bacd810f3c1de0,0.0,0.0,10.0
d07e0539180eed9a,144acc44b40e94e0,0.0,0.0,5.0
d0d3968295fcc2d0,c2f245fc47dcb239,0.0,0.0,15.0
d0dc889a58128ec8,0ec00d5cae2b869b,0.0,0.0,10.0
d0f3be55255e5d53,af674aa576a12423,0.0,0.0,7.0
d11193e454b69b6f,657c590ba272899d,0.0,0.0,14.0
d167fec0b05096a0,ea1406e587bd9d38,0.0,0.0,5.0
d1760ed708382955,60308e8aaebad9fd,0.0,0.0,10.0
d1aa1663dbaf7202,49c41ab8eedafa12,0.0,0.0,5.0
d25282262b86eb99,c04657d9be424397,0.0,0.0,5.0
d29acf85404c9f8d,eef5578aa984b7b0,0.0,0.0,5.0
d2aa3650099b22fd,a7d60b273c729790,0.0,0.0,5.0
d2f4dd2f5381a696,b0b9e602a20a21f3,0.0,0.0,10.0
d3866cafaae364d2,1fd36856b3dbcce2,0.0,0.0,21.0
d3c14788ceb4ba76,5a32a131fe938c00,0.0,0.0,15.0
d4000b9ad1ad724f,6cbba0280d6ca13f,0.0,0.0,10.0
d44f71a8d1cde058,d33576f4a5f68e2c,0.0,0.0,15.0
d4a3362a3766dfcf,718bc1a6b1377311,0.0,0.0,10.0
d4dd3909745b2772,444defc913939b01,0.0,0.0,5.0
d58e6bb9b0d0d352,b1356467766c1f14,0.0,0.0,10.0
d5b8d43b2efd4dd6,ee39cff227b74870,0.0,0.0,14.0
d5b95d26b1c62e2b,c4a93c05e56ab7c0,0.0,0.0,15.0
d60c77025e91576d,b3cb190aa6ecea96,0.0,0.0,10.0
d613980e3b7f146f,98489340bddd9696,0.0,0.0,10.0
d6358f8ec46bea14,093008a9865e426a,0.0,0.0,10.0
d669cdad808e8d3d,cc4c149883884664,0.0,0.0,10.0
d68526ab11fb58bb,54b2a7098c1fa297,0.0,0.0,3.5
d726de89a0f094b0,1e2e76b5162cb1f6,0.0,0.0,15.0
d7344cfd7cd0956d,600cfd2bb7bab986,0.0,0.0,5.0
d739031cbeeafe66,9a22536eebd74342,0.0,0.0,7.0
d7651097b5ee44d9,2ae5dfbbe257dbbf,0.0,0.0,7.0
d79657d35370712a,bc86ae9a29675ff0,0.0,0.0,3.5
d7b52bc2d4f07c99,76a7e397f8e0a853,0.0,0.0,10.0
d7eca059c2badef0,957a533b61dc51e8,0.0,0.0,5.0
d852f6a02986ee19,2f5b16a44628a44f,0.0,0.0,15.0
d8614d5905c51547,a1c571f8d49e8dfd,0.0,0.0,7.0
d86de585a797838f,292d12e39890250f,0.0,0.0,15.0
d87b0d7adbc27b99,57ed0359ef44b1cb,0.0,0.0,10.0
d881e6f2c8bc0a0d,6174e6414507883b,0.0,0.0,11.98
d8cca397102dafec,2beb7f75b53d86e8,0.0,0.0,7.0
d9101d50ddae2c33,40a821c7c90ba565,0.0,0.0,15.0
d97cc6bb175e0472,35d8b5f84a600cb2,0.0,0.0,10.0
d980e6361a4a6733,855f6e8e2bfc4b84,0.0,0.0,7.0
d9aff7f129527053,6afda574e15bf214,0.0,0.0,7.0
da07fd76f58d35b9,afd6fba347b9d3b1,0.0,0.0,11.98
da2ec6861069f015,6b18adcec7357907,0.0,0.0,10.0
da54646eeca9eb59,78c78d78fcae1b94,0.0,0.0,5.0
dabbc2ce35a446ce,a46c7a8c6288b4fe,0.0,0.0,5.0
dac47f7cab6a5c3c,2860fbb4327cf4bd,0.0,0.0,7.0
db472549fe45a3f5,6eaaf5d2cb1093f2,0.0,0.0,10.0
db57da9ddf2b5d1a,b9cfe1276ac55bbd,0.0,0.0,10.0
db996eab790265be,f7424ec1f28ef52a,0.0,0.0,4.6
dba7fd6a7621f29a,6f077a127e932230,0.0,0.0,5.0
dbaff3cfaa2eddc7,4450e3a69c5fcc37,0.0,0.0,10.0
dbb7b11abb1875cc,035df80301d730c1,0.0,0.0,11.98
dc2915cf7eb1950a,1309124b1d3a665e,0.0,0.0,5.0
dc338d55bace4a03,6d316b77ff75eb5e,0.0,0.0,11.98
dcf8abae58ea4d46,15b66969138f13b3,0.0,0.0,7.0
dd04d7d8a36ef562,80635efc8fc1c7b5,0.0,0.0,5.0
dd2fa75aa4650302,07e225cc000e35dd,0.0,0.0,10.0
dd3876126a182198,65da6755a405226f,0.0,0.0,5.0
dd5b4b4d125ade9a,e969eb8e3cee1e40,0.0,0.0,15.0
ddda08be2740d550,81fc6d34ad200413,0.0,0.0,10.0
dddc2b60b298a400,ea70d07aea622439,0.0,0.0,16.98
de07b4ddd77260ec,125cd328385ec6e2,0.0,0.0,14.0
de5389348dac26de,1181a617a99cdc00,0.0,0.0,5.0
de61ac394ef0fd27,df928f7fb4636b66,0.0,0.0,10.0
de6d2f8bb30c7d89,aefe95b4877efab9,0.0,0.0,15.0
dfe28e8b341c8b23,47ef3f92d03bf69f,0.0,0.0,10.0
dff18b14fc4c781a,8ef13dee98d2b0c5,0.0,0.0,10.0
e00c1cf4fffa29fe,c3ae1a0d996a0aa9,0.0,0.0,16.98
e02367b61b050e5f,3e6ece5c30c694b0,0.0,0.0,7.0
e0726173bc16e972,66cdba0c5dabb8a0,0.0,0.0,7.0
e0c35fd0f059ebd6,36d84f21693e1f54,0.0,0.0,10.0
e0fc2788760b7cd3,1771f0a4c2aa4ae2,0.0,0.0,7.0
e12905483d24552d,f5e99bdf68c02e7d,0.0,0.0,10.0
e14cbf8ca5ad6c90,949a3e3ca118bfe2,0.0,0.0,7.0
e18a3615dcaa0295,14996547a3d8ea54,0.0,0.0,5.0
e1982e2907b5b578,2b15a6486310e05f,0.0,0.0,10.0
e1de2074a3c5f54f,8620a9da7931dcf4,0.0,0.0,7.0
e1ebbea6b81ba2d2,3f26114a1e840769,0.0,0.0,5.0
e1f3dde146b86576,2c7fd3381b1e8a2c,0.0,0.0,5.0
e2306e01f77eec17,5bc5618654765563,0.0,0.0,5.0
e26de7a1f1f3e33c,5e4924846b628161,0.0,0.0,5.0
e271169729673665,fcb387e41e86a62a,0.0,0.0,10.0
e2e24a35fb122c54,32ee4f73c5d0ddf8,0.0,0.0,10.0
e30867309c7505a6,b1691ce8004d0728,0.0,0.0,10.0
e34c17b4c774c5ff,c52cd1bf23f39e5a,0.0,0.0,5.0
e34e8b077ad292e5,5ea77972cf7de2d6,0.0,0.0,10.0
e360961e0e66e234,982ed1e510ef1f9d,0.0,0.0,5.0
e381752e7b2287bb,3ec52a01c2b5d362,0.0,0.0,10.0
e38edda5c96c896c,a2f2673a693718a9,0.0,0.0,10.0
e3e9d3aa3d5ab40a,dc641506b445cded,0.0,0.0,14.0
e3f7e8a1fbb0a26c,50d50aa6b12ce3e7,0.0,0.0,5.0
e4005120b4c23e8e,afc543d5667410fc,0.0,0.0,10.0
e4612ebfed81a270,4f5e60a17607add1,0.0,0.0,5.0
e5eaa3e233d92fb8,2a1e371b683d689d,0.0,0.0,10.0
e6644c996e51fc07,12a273e223014014,0.0,0.0,5.0
e66f0a704057741f,ac496a5a24fc9461,0.0,0.0,15.0
e6a67d9c5a56ef22,1c0d3e0707f1e43b,0.0,0.0,10.0
e6c25d8b7169c527,3bc35c918b0722f5,0.0,0.0,10.0
e74e45f3d6d8adfe,3298a4c0a222f00f,0.0,0.0,10.0
e7ee63f47360140b,bfbc381f6dd12136,0.0,0.0,10.0
e7fb680d69b9ac71,011a3ff23d33564f,0.0,0.0,14.0
e898e570e000f0aa,ac56552c4058bd68,0.0,0.0,5.0
e8dd60f1b62db2f3,4e24c69f727ebdbc,0.0,0.0,10.0
e8ec132490510031,bcc4c4bee9bfddab,0.0,0.0,10.0
e97c12a09a7af26d,2dc6ef940686411d,0.0,0.0,15.0
e980b8006d26942d,f7e842b5ef8b3c9d,0.0,0.0,25.0
e98498ff1c4f0cae,fbe6f4a4448a95a7,0.0,0.0,10.0
e9a0b36612cac329,f424361c8b8e604a,0.0,0.0,10.0
ea07763f2d014b95,caae2436134830a5,0.0,0.0,6.98
ea31c134535dbdce,f416fa969bfa6183,0.0,0.0,5.0
ea385a0abae32018,e456749750489c44,0.0,0.0,7.0
ea3a1d6ded504ab4,7436bbec30e998ef,0.0,0.0,11.98
ea561c1207eda28e,03f42e26a313c128,0.0,0.0,10.0
ea5a8b305726042e,e7dae3a5a4d2e61d,0.0,0.0,9.2
ea7855871b9ce382,9f0cbc43647e9769,0.0,0.0,5.0
eacf996030ec1e63,d0b8dbb857e78e9c,0.0,0.0,15.0
eb4857ad5b437926,a79bcca60cf202b4,0.0,0.0,5.0
eb5db655e74fe90b,dd9ed2f6175e026f,0.0,0.0,5.0
eb986d99d83678ac,79347d0764a8feca,0.0,0.0,5.0
ebd08ba75c47a359,0068537aa134dfb4,0.0,0.0,5.0
ebd7b8168d9c1855,f2238fbd81ada5e0,0.0,0.0,4.6
ec0d7be788526427,1410738a7dee8142,0.0,0.0,10.0
ec1d4552eba9e0c2,3406e5d9d8ea1456,0.0,0.0,10.0
ece53951577e8c63,21fcbc8c9a6d8cd0,0.0,0.0,14.0
ed5fee2d536349f8,5170c7e20aac5697,0.0,0.0,5.0
eddf2e3efbd773ea,04eb2f43bf51f7b6,0.0,0.0,7.0
edf90c9ce23c0842,c9f32b67161842a6,0.0,0.0,10.0
ee12509a9bcf19bc,bb33e3dea12b87aa,0.0,0.0,15.0
ee52698d2f3871db,24c2c34343b40c42,0.0,0.0,5.0
ef3e7a0c0eb44fc7,3b6852fded7ab50c,0.0,0.0,5.0
ef57cd3a1b7ec010,4e137b86ea17b760,0.0,0.0,10.0
ef761704e17e1efe,a208af95879910e1,0.0,0.0,5.0
ef7fe3b25ce4a59a,417304b626c12094,0.0,0.0,10.0
ef9786ada8600ab4,3f68bdc8135d003a,0.0,0.0,7.0
efa1c60e59357c1d,40f93ffd56549206,0.0,0.0,10.0
efb44fb513df7af3,158db9b9e345b4d2,0.0,0.0,9.2
efd2459c07480802,2fd011e9d1d89ebc,0.0,0.0,15.0
f0602185887ac4e5,9172a418c52d6dfd,0.0,0.0,7.0
f08c1725b3c3e008,6e15df820cd7fe1d,0.0,0.0,5.0
f0a4a92231940e10,baf93db23c60e433,0.0,0.0,5.0
f0b214a6beae1f4e,0620e3e329382990,0.0,0.0,14.0
f102d54bb01b5317,9c9ffd363f245985,0.0,0.0,5.0
f18b5ba1495f998a,68f1f00c296ee6c4,0.0,0.0,5.0
f1988c146fc377af,011aeb9beef0e613,0.0,0.0,7.0
f1a04266efd7f858,37e52ff9cc3c349e,0.0,0.0,15.0
f1aedc4ad3f6c4d1,c0469d813518aa08,0.0,0.0,10.0
f1e17e69866639c2,1e2b2f6f3d8e602c,0.0,0.0,10.0
f2239786a04ab0c2,8947e288bd0408b9,0.0,0.0,10.0
f2c3e54aa00761bc,3867557abb418417,0.0,0.0,5.0
f2f147b012f2a219,a005a0732f3275c2,0.0,0.0,5.0
f3a13513cdf19279,ff83206aa67708f1,0.0,0.0,10.0
f413f6b973ba40de,3e1256f64056de3b,0.0,0.0,5.0
f41dee20224675bc,aab3f6a72af2b83b,0.0,0.0,10.0
f4434b9b8f41aa67,db1e506b55b0b5c0,0.0,0.0,10.0
f445f74b711899ac,5a526e1804a58293,0.0,0.0,10.0
f481472d61fff49d,acfe811407022550,0.0,0.0,5.0
f49b3e91010ebbc5,9078f2b21ab73763,0.0,0.0,5.0
f4b5e33cbea8311c,fc6f9d49b31d4524,0.0,0.0,14.0
f5a3211ec9a3be36,dc98a67b9d5c4754,0.0,0.0,7.0
f647e233d69edfcc,8ac361e7ad7ca1dc,0.0,0.0,9.2
f68be17866bbb43f,df55bf5c4ad708bf,0.0,0.0,10.0
f6e26d89c8436fe0,607e8501e3fb1dbd,0.0,0.0,5.0
f6f95bc34bc29a78,83b418e23197c0b6,0.0,0.0,10.0
f75c233f7b1b886a,be14eb359e043cc2,0.0,0.0,5.0
f7ca1ea9efa1a0e2,b706cdad35086dac,0.0,0.0,10.0
f81e0ac4d28a3485,ad3cc4c90a253925,0.0,0.0,10.0
f827c8a689e85a69,19ebd12347d2453c,0.0,0.0,10.0
f8a61fa06b3b8a12,6d334a97d0673e40,0.0,0.0,10.0
f8aff1ee63554347,4b9cd6fbd028e4cc,0.0,0.0,5.0
f8d53a6d7fbb3bdd,8872fb5e65ae6a50,0.0,0.0,7.0
f905007f744b85d8,10df858e3e25e04b,0.0,0.0,5.0
f924ea27a5c20ff7,2246e3221b875451,0.0,0.0,14.0
f9888081d3ade639,f93ff7cdc9009c72,0.0,0.0,5.0
f9e70c3b3028a5ce,273841bc4af1812c,0.0,0.0,10.0
f9ef88cbd4ef7a3f,d7b797b6b407de4e,0.0,0.0,10.0
fa751463b9b32353,ddb468199176feb2,0.0,0.0,10.0
fa9dad76267fe2a4,79038928d9b0dfcb,0.0,0.0,11.98
fafaa6609e9636d8,279e95f61664e8b7,0.0,0.0,15.0
fb325d198a7a64ff,0971688e4f97e100,0.0,0.0,10.0
fb57531c7b753e5a,a81fed27cfd5c63b,0.0,0.0,5.0
fb6754e2d70083fa,ceb1ca6627189031,0.0,0.0,15.0
fb704c7eaa7d6a59,cba4a808955437e5,0.0,0.0,10.0
fb758b9b71e83403,6fba5b258c494ff2,0.0,0.0,7.0
fb7c6348caf7edb0,c83160dfa05265e8,0.0,0.0,5.0
fba857d83c70b856,484324f97ff5a328,0.0,0.0,7.0
fc0b4a3affc5a348,3fc6d817da610c34,0.0,0.0,5.0
fc69cc8baadb0766,a7bdfa49f8b89626,0.0,0.0,10.0
fc821493d55cb5c6,9931b9fc33c6b308,0.0,0.0,5.0
fc932d183de7fbbf,ccb042b99ac99ae1,0.0,0.0,5.0
fcfd9c84fb9734ca,1d2c38b6adc4cf7e,0.0,0.0,10.0
fd313e50f5ffde81,553a3daa73b4afc3,0.0,0.0,5.0
fd9b7cf3b0124fbf,b98165afbee7a1dc,0.0,0.0,10.0
fdaca663862219a9,652696168a74e4a4,0.0,0.0,10.0
fdbed24ff4959487,82694de94ceef65f,0.0,0.0,15.0
fe22969b016268a8,de7655689c941366,0.0,0.0,10.0
fe9f9edd42b5a577,338ff3479e1c18a5,0.0,0.0,7.0
fec7d99658488cbd,73c600b087534c9e,0.0,0.0,5.0
fede3b3e9d91a073,de6cc728b88a5ee4,0.0,0.0,5.0
fedf716ba6a3be9b,a1061a48f92cfa0c,0.0,0.0,15.0
fef4f5ef653bd5d9,1bf9e6d940d5ab03,0.0,0.0,10.0
ff14408a7e5aea2a,9d6fb98b20258f29,0.0,0.0,10.0
ff349fbdb9073e41,bd8f9fbaff59d4df,0.0,0.0,10.0
ff48ef3b98cf93f4,4820c694a7b2bf8e,0.0,0.0,10.0
ffcb2a36d819d3a4,c658ca353afb6677,0.0,0.0,7.0
fff8490c3b61d7b8,ec7da0c4846a98f6,0.0,0.0,10.0
